Index 1,Index 2,Ingredients 1,Ingredients 2,Recipe 1,Recipe 2,Raw Judgement,Healthier
558306,973846,"4 large boneless chicken breasts
14 cup flour
18 teaspoon salt
18 teaspoon pepper
12 cup butter
1 tablespoon sherry wine
1 tablespoon white wine
3 tablespoons orange juice
1 teaspoon grated orange rind
2 teaspoons lemon juice
1 cup half-and-half
1 lemon, sliced in very thin slices
12 cup grated parmesan cheese
","3/4 lb hamburger(may use 1/2 sausage and 1/2 hamburger)
1 tomato sauce -lg 29oz can
1 diced tomatoes- with garlic,basil,& oregeno 14.5oz can
3 tbsp italian seasoning
1 tbsp garlic powder
1 tbsp onion powder
1/4 tsp pepper
1/2 tsp sugar
3 cup mozzarella cheese shredded
1 3/4 cup ricotta cheese- 15oz container
1/3 cup parmesan cheese
1 tsp italian seasoning
1/4 tsp pepper
14 -16 manicotti( i make 2 boxs to cover ones that split open)
1 cup shredded mozzarella cheese
","1) Preheat oven to 400 degrees F.
2) Combine flour, salt, and pepper in a small bowl.
3) Dust chicken with seasoned flour and place in a buttered casserole dish in a single layer.
4) Dot chicken with butter and place in oven for 25 minutes.
5) Then reduce the temperature to 325 degrees.
6) Combine sherry, white wine, orange juice, orange rind, and lemon juice and pour over the chicken for an additional 20 minutes, covered.
7) Remove casserole from the oven and pour half-and-half around the chicken.
8) Let casserole cool slightly.
9) On a cookie sheet, arrange lemon slices and sprinkle with grated parmesan cheese.
10) Broil until lightly browned.
11) Arrange chicken on a serving platter.
12) Stir sauce and pour over chicken.
13) Garnish with broiled lemon slices.
","1) brown hamburger in large skillet, drain fat
2) add tomato sauce, diced tomatoes, garlic powder,onion powder,Italian seasoning, pepper,and sugar bring to low boil and turn down to med low and cook for at least 15 mins
3) bring pot of water to boil and cook manicotti for time that the box says to cook( u can leave them uncooked, I don't like doing this because the shell is a more tough noodle to bite into), let cool( I put back into the trays that the shells come in to cool)
4) mix together ricotta cheese, mozzarella cheese, parmesan cheese, pepper, and Italian seasoning
5) preheated oven to 400*, spray a 9x13 pan
6) put 1cup of sauce in bottom of pan and spread around, take cheese filling and put into a ziplock baggy and cut one of the bottom corners off(do not over fill baggy so it is easy to handle) fill manicotti shell(noodle) from both ends, fill enough but do not over fill you will split the shell, place filled shells in pan, I put 2 across and 7-8 down
7) pour remaining filling over top of filled shells, use the remaining 1 cup cheese and sprinkle in 2lines down the center over the shells, cover with foil
8) bake at 400* for 40mins then remove foil and bake for 15 mins longer, take out of oven and let rest for 10mins before serving, enjoy
"," Based on the ingredients and preparation, Recipe 2 seems more nutritious and healthy overall compared to Recipe 1. Here are some key points:

- Recipe 2 uses lean ground beef and ricotta cheese as main ingredients, which provide protein. Recipe 1 relies mainly on chicken and high-fat dairy like butter and half-and-half.

- Recipe 2 includes tomatoes, garlic, onions, and herbs like basil and oregano. These ingredients add vitamins, minerals, and antioxidants.",2
343250,381542,"7 ounces sweet roasted red peppers, drained and chopped
1 garlic clove, pressed
1 tablespoon fresh basil leaf, thinly sliced
1 cup sour cream
1 cup fat-free mayonnaise
12 teaspoon Worcestershire sauce
18 teaspoon salt
1 large green peppers or 1 large red bell pepper
","3/4 cup graham cracker crumbs (about 5 cookie sheets)
1/4 teaspoon salt, divided
1 tablespoon unsalted butter
3 1/2 ounces white chocolate, finely chopped
Cooking spray
5 ounces 1/3-less-fat cream cheese, softened
1/3 cup powdered sugar
1/2 teaspoon vanilla extract
2 cups frozen fat-free whipped topping, thawed
2 tablespoons seedless peach spread
1 tablespoon peach schnapps
1/2 teaspoon fresh lemon juice
3 medium peeled peaches, pitted and cut into 1/2-inch wedges
","1) Drain roasted peppers; pat dry.
2) Using food chopper, chop roasted peppers; place in classic 2-quart bowl.
3) Press garlic into bowl, with a garlic press.
4) Slice basil leaves.
5) Add basil, sour cream, mayonnaise, worcestershire sauce, and salt; mix well.
6) Cut top off of green pepper.
7) Remove membranes and seeds.
8) Fill with dip.
9) Serve it assorted cut up vegetables.
","1) 1.
2) Combine crumbs and 1/8 teaspoon salt in a food processor; process until combined.
3) Place butter and chocolate in a microwave-safe bowl.
4) Microwave at HIGH 30 seconds, stirring until chocolate is smooth.
5) Add to processor; pulse until combined.
6) Press mixture into bottom and up sides of a 9-inch pie plate coated with cooking spray.
7) Freeze 20 minutes or until set.2.
8) Place cream cheese, sugar, and vanilla in a medium bowl; beat with a mixer at medium speed until smooth.
9) Gently fold in whipped topping.
10) Carefully spread filling over bottom of crust.
11) Place fruit spread in a large microwave-safe bowl; microwave at HIGH 30 seconds or until bubbly.
12) Stir in remaining 1/8 teaspoon salt, schnapps, and juice.
13) Add peach wedges; toss to combine.
14) Arrange the peach wedges over pie.
15) Chill for 3 hours before serving.
"," Based on the ingredients and preparation, Recipe 2 seems more nutritious and healthy overall compared to Recipe 1.

Here's my analysis:

- Recipe 2 uses more whole food ingredients like graham crackers, peaches, and white chocolate, while Recipe 1 relies more on processed foods like roasted red peppers, sour cream, and mayonnaise. Whole foods tend to be more nutritious.

- Recipe 2 contains fruit (peaches) which provides vitamins, minerals, and",2
530587,879243,"2 tomatoes, chopped and seeded
2 tablespoons red onions, finely chopped
2 tablespoons kraft light house reduced-fat Italian salad dressing
20 Ritz simply socials crackers
1 fresh basil sprig (optional)
1 teaspoon fresh basil, chopped (optional)
1 garlic clove, minced (optional)
","1 (8 ounce) package linguini pasta
1 cup fresh sliced mushrooms
1/4 cup chopped onion
2 tablespoons butter
1/8 teaspoon dried thyme
2 tablespoons all-purpose flour
1 (10.5 ounce) can condensed chicken broth
1 cup half-and-half cream
1 (6 ounce) can marinated artichoke hearts
1/4 cup grated Parmesan cheese
","1) Mix tomatoes, onions and the light dressing; cover and refrigerate at least 1 hour.
2) Top each cracker with about 1 teaspoon of the tomato mixture just before serving.
3) To jazz them up, garnish each topped cracker with the fresh basil sprig just before serving or stir in the chopped fresh basil or the minced garlic into the tomato mixture before chilling.
","1) Cook linguini in a large pot of boiling salted water until tender.
2) Meanwhile, saute mushrooms and onion in butter or margarine with thyme.
3) Remove from heat.
4) Stir in flour.
5) Then stir in chicken broth and half and half.
6) Return to heat, and stir until the sauce boils and thickens.
7) Strain artichokes, and stir the liquid into the sauce.
8) Add the fresh Parmesan.
9) Drain linguini, and toss with sauce.
10) Fold in the strained artichokes.
11) Serve immediately.
"," Recipe 2 is more nutritious and healthy overall. The main reasons are:

- Recipe 2 includes more protein from the chicken broth, half-and-half, Parmesan cheese, and linguini pasta. Protein is an important nutrient for health.

- Recipe 2 contains more vegetables, including mushrooms, onions, and artichokes. Vegetables provide vitamins, minerals, fiber and other beneficial nutrients. 

- Recipe 2 uses whole wheat linguini pasta, which provides more fiber and",2
611328,556660,"5 to 6 ounces peeled and trimmed garlic cloves
2 tablespoons Chili and Garlic Oil
","1 (14-ounce) can chopped tomatoes
3/4 cup extra virgin olive oil
Salt and freshly ground black pepper
1 stalk celery, diced
1 small carrot, diced
1 yellow onion, diced
2 cloves garlic, minced
1 cup chicken broth
1 bay leaf
2 tablespoons butter
1/4 cup chopped fresh basil leaves
1/2 cup heavy cream, optional
","1) Preheat the oven to 375F.
2) Putting them in a small roasting pan, arrange the cloves in a single layer and spoon the Chili and Garlic Oil over.
3) Roast, stirring occasionally, until the cloves are lightly browned, 15 to 20 minutes.
4) Watch the garlic as it browns-when it becomes too brown, it takes on a bitter taste.
5) Cool the garlic and transfer it to a container and refrigerate, covered, until needed.
","1) Preheat oven to 450 degrees F.
2) Strain the chopped canned tomatoes, reserving the juices, and spread onto a baking sheet, season with salt and pepper, to taste, drizzle with 1/4 cup of the olive oil and roast until caramelized, about 15 minutes.
3) Meanwhile, in a saucepan, heat remaining olive oil over medium-low heat.
4) Add the celery, carrot, onion and garlic, cook until softened, about 10 minutes.
5) Add the roasted chopped canned tomatoes, reserved tomato juices, chicken broth, bay leaf and butter.
6) Simmer until vegetables are very tender, about 15 to 20 minutes.
7) Add basil and cream, if using.
8) Puree with a hand held immersion blender until smooth.
"," Based on the ingredients and preparation, Recipe 2 seems more nutritious and healthy overall compared to Recipe 1. Here's my analysis:

Recipe 1 is just roasted garlic cloves in oil. While garlic provides some health benefits, the recipe is very simple and doesn't contain much nutritional variety. 

Recipe 2 contains more vegetables (tomatoes, celery, carrots, onions), herbs (basil), and protein (chicken broth). The preparation method is also more varied, including roasting, sa",2
321762,561878,"4 c. Pared, cored and sliced tart cooking apples
1 1/2 tsp Lemon juice
1/2 c. Sugar
1/4 c. All-purpose flour
1 tsp Cinnamon
1/8 tsp Salt
1 x 9-inch unbaked pie shell (see note)
1/2 pkt (12-ounce) Nestle Toll House butterscotch flavored morsels
1/4 c. Butter
3/4 c. All-purpose flour
1/8 tsp Salt Whipped cream or possibly ice cream (optional)
","1 cup boiling water
2 Tbsp. MAXWELL HOUSE Instant Coffee
1/2 cup plus 1 Tbsp. sugar, divided
2 pkg. (3 oz. each) soft ladyfingers, split, divided
2 pkg. (8 oz. each) PHILADELPHIA Fat Free Cream Cheese, softened
2 cups thawed COOL WHIP LITE Whipped Topping
1 tsp. unsweetened cocoa powder
","1) Filling: Preheat oven to 375 degrees.
2) In large bowl, combine apples and lemon juice; toss till well coated.
3) Stir in sugar, flour, cinnamon and salt; mix well.
4) Spoon into pie shell (see note).
5) Cover edges with aluminum foil.
6) Bake at 375 degrees for 20 min.
7) Topping: Combine over warm (not boiling) water, Nestle Toll House butterscotch flavored morsels and butter; stir till morsels are melted and mix is smooth.
8) Remove from heat.
9) Add in flour and salt; blend till mix forms large crumbs.
10) Remove foil from pie.
11) Crumble Topping over warm apples.
12) Bake at 375 degrees for 25 min longer.
13) Serve hot with whipped cream or possibly ice cream, if you like.
14) Makes one 9-inch pie.
15) NOTE: If using frzn pie shell, it's necessary to use deep dish style, thawed.
16) Place on cookie sheet and bake additional 10 min.
","1) Add boiling water to combined coffee and 1 Tbsp.
2) sugar in small bowl; stir until dissolved.
3) Arrange 1 pkg.
4) ladyfingers on bottom of 13x9-inch dish; brush with 1/2 cup coffee.
5) Beat cream cheese in large bowl with mixer until creamy.
6) Add remaining sugar; mix well.
7) Whisk in COOL WHIP.
8) Spread half the cream cheese mixture over ladyfingers in dish; top with remaining ladyfingers.
9) Brush with remaining coffee mixture; cover with remaining cream cheese mixture.
10) Sprinkle with cocoa powder.
11) Refrigerate 4 hours.
"," Based on the ingredients and preparation, Recipe 1 seems more nutritious and healthy overall compared to Recipe 2.

Recipe 1 uses fresh apples, lemon juice, cinnamon, and butterscotch chips as main ingredients. It has a pie crust, but the filling is made of fruit, spices, and modest amounts of sugar and flour. The apples, lemon, and cinnamon provide vitamins, minerals, and fiber.

Recipe 2 uses instant coffee, ladyfingers, fat free cream cheese",1
155413,81472,"2 slices sandwich bread, tear into quarters (Use a good quality bread, soft whole wheat is OK)
3 tablespoons unsalted butter, divided
2 tablespoons grated parmesan cheese
6 medium garlic cloves, minced (or garlic pressed)
2 teaspoons unbleached all-purpose flour
18 teaspoon red pepper flakes
1 teaspoon minced fresh thyme leave
1 12 lbs green beans, ends trimmed
1 cup low sodium chicken broth
1 tablespoon fresh lemon juice
table salt, to taste
ground black pepper, to taste
","14 cup olive oil
1 stalk celery, chopped
1 eggplant, cut into 1/2 inch pieces
salt
1 red bell pepper, cut into 1/2 inch pieces
1 medium onion, chopped
14 ounces tomatoes, canned, diced
3 tablespoons raisins
12 teaspoon dried oregano leaves
fresh ground black pepper, to taste
14 cup red wine vinegar
2 teaspoons sugar
1 tablespoon capers, drained
1 loaf ciabatta, cut crosswise into 6 equal pieces
2 garlic cloves, peeled
6 slices mozzarella cheese, drained fresh, water-packed (1/3-inch-thick)
","1) In a food processor, pulse bread about ten 1 second pulses until fine, even crumbs.
2) Melt 1 tablespoon butter in large nonstick skillet over medium-high heat.
3) Add breadcrumbs and cook, stirring frequently, until golden brown, 3 to 5 minutes.
4) Transfer to medium bowl and stir in 1/4 teaspoon salt, 1/8 teaspoon pepper, and Parmesan; set aside.
5) Wipe out skillet.
6) Add remaining 2 tablespoons butter, garlic, and 1/4 teaspoon salt; cook over medium heat, stirring constantly, until garlic is golden, 3 to 5 minutes.
7) Stir in flour, red pepper flakes, and thyme, and then toss in green beans.
8) Add chicken broth and increase heat to medium-high; cover and cook until beans are partly tender but still crisp at center, about 4 minutes.
9) Uncover and cook, stirring occasionally, until beans are tender and sauce has thickened slightly, about 4 minutes.
10) Remove from heat, stir in lemon juice, and adjust seasonings with salt and pepper.
11) Transfer to serving dish, sprinkle evenly with breadcrumbs, and serve.
","1) Heat 1/4 cup of the oil in a heavy large skillet over medium heat.
2) Add the celery and saute until crisp-tender, about 2 minutes.
3) Add the eggplant and saute until beginning to soften, about 2 minutes.
4) Season with salt.
5) Add the red pepper and cook until crisp-tender, about 5 minutes.
6) Add the onion and saute until translucent, about 3 minutes.
7) Add the diced tomatoes with their juices, raisins and oregano.
8) Season with salt and pepper, to taste.
9) Simmer over medium-low heat until the flavors blend and the mixture thickens, stirring often, about 20 minutes.
10) Add the vinegar, sugar, and capers.
11) Season with salt and pepper, to taste.
12) Cut the bread pieces in half horizontally.
13) Grill the bread cut-side down on a grill pan over medium-high heat until golden, about 2 minutes.
14) Rub the whole garlic cloves over the toasted side of the bread.
15) Add a slice of mozzarella to bread bottom, spoon the caponata on top, cover with the other bread half, and serve.
"," Based on the ingredients and preparation, Recipe 2 seems more nutritious and healthy overall compared to Recipe 1.

Here are some key points:

- Recipe 2 uses olive oil which is a healthier fat compared to the butter used in Recipe 1. Olive oil provides healthy monounsaturated fats.

- Recipe 2 includes more vegetables overall including celery, eggplant, red bell pepper, and onion. The variety and volume of vegetables makes it more nutrient-dense. ",2
652745,596580,"8 ounces, weight Cream Cheese, Room Temperature
13 cups Sugar
4 ounces, weight Semi Sweet Chocolate, Chopped And Divided
1 whole Egg
","4 medium potatoes, peeled and quartered, save 1/2 cup cooking liquid
14 teaspoon salt, to taste
14 teaspoon onion powder, to taste
10 ounces pepperoni, diced
1 cup frozen corn, thawed
1 cup frozen peas, thawed
13 cup smooth peanut butter
12 cup water
1 tablespoon soy sauce
","1) Preheat your oven to 300 degrees F. Line 6 standard muffin tins with foil liners and lightly grease with cooking spray.
2) Beat your cream cheese on medium speed until very smooth, about 2 minutes.
3) Add in the sugar and 3 ounces of melted chocolate.
4) Beat on medium-low for 1 minute until well blended.
5) Add the egg and mix until just incorporated.
6) Spoon the batter into the muffin cups and bake for 1518 minutes, until the centers of the cheesecakes barley jiggle when nudged.
7) Allow them to cool completely, cover and refrigerate until ready to serve (up to 3 days or freeze for up to 1 month).
8) Just prior to serving, drizzle with the remaining 1 ounce of chocolate.
9) Note: Paper liners can be used as well, just allow to cool a bit, then gently rip them off.
10) (Recipe from Abby Dodges Desserts 4 Today.)
","1) Preheat oven to 350F.
2) Place potatoes in a large sauce pan, adding just enough water to cover.
3) Boil for 15 to 20 minutes, or until potatoes are tender.
4) Drain potatoes, reserving liquid.
5) Mash cooked potatoes with hot cooking liquid, salt, and onion powder.
6) Add additional liquid for desired consistency.
7) Set aside.
8) Combine pepperoni, corn, and peas in a 9"" pie pan.
9) In a separate bowl, whisk together peanut butter, water or cooking liquid, and soy sauce or seasoning until smooth.
10) Pour peanut butter sauce evenly over vegetables.
11) Top with mounds of mashed potatoes.
12) Sprinkle with paprika and bake for 30 to 40 minutes or until potatoes start to brown.
13) Serve hot or at room temperature.
"," Based on the ingredients and recipes provided, Recipe 2 seems more nutritious and healthy overall compared to Recipe 1. Here are some key points:

- Recipe 2 uses whole food ingredients like potatoes, vegetables, and peanut butter. Recipe 1 relies heavily on processed/refined ingredients like cream cheese, sugar, and chocolate.

- Recipe 2 provides more protein from the pepperoni and peanut butter. Recipe 1 has minimal protein. 

- Recipe 2 includes fiber from the potatoes, vegetables",2
593373,581770,"5
1
3
3
1
12()
","1 cup honey
13 cup orange juice, freshly squeezed
1 tablespoon butter
12 teaspoon orange zest, freshly grated (peel)
","1) 3 3
2) 3
3) 3
4) ()2~3
5) 2160
","1) Combine all the ingredients in a small saucepan.
2) Cook, uncovered, over a medium heat, stirring frequently,until butter is melted and the syrup is smooth.
"," Based on the ingredients and recipes provided, I would say that Recipe 2 is likely more nutritious and healthy overall. Here are my reasons:

- Recipe 2 contains real, whole food ingredients like orange juice, zest, and a small amount of butter. Recipe 1 just has numbered ingredients with no indication what they are.

- Recipe 2 has fresh squeezed orange juice which provides vitamin C and citrus flavor. The orange zest also adds flavor and nutritional benefits.

-",2
839725,115597,"4 navel oranges
1/4 cup Nicoise olives, pitted and halved
1/2 teaspoon paprika
2 tablespoons fresh lemon juice
1 tablespoon extra-virgin olive oil
2 tablespoons finely chopped fresh flat-leaf parsley, plus whole leaves for garnish
","2 Tablespoons Vegetable Oil
13 cups Unsweetened Applesauce
3 whole Eggs
23 cups Brown Sugar
3/4 cups Pumpkin Puree
3/4 cups Peanut Butter
2 teaspoons Cinnamon
1- 1/2 teaspoon Baking Powder
1 dash Salt
1- 1/2 cup Gluten-free All-purpose Flour
Cinnamon And Sugar Dusting
","1) Using a sharp knife, slice off both ends of each orange.
2) Carefully slice downward following the curve of the fruit to remove rind and bitter white pith.
3) Slice each orange crosswise into about six rounds, then arrange them in overlapping rows on a serving platter.
4) Sprinkle evenly with olives.
5) In a small bowl, combine paprika and lemon juice; whisk in oil until emulsified.
6) Add chopped parsley, and whisk to combine.
7) Drizzle dressing over oranges and olives; garnish with parsley leaves, and serve.
8) (Per Serving)
9) Calories: 113
10) Saturated Fat: .6g
11) Unsaturated Fat: 3.9g
12) Cholesterol: 0mg
13) Carbohydrates: 19g
14) Protein: 1.4g
15) Sodium: 76mg
16) Fiber: 3.5g
","1) Preheat oven to 350 F. Grease a donut pan (recipe makes 18 regular sized donuts) with nonstick cooking spray and set aside.
2) In a large bowl, mix together vegetable oil, applesauce, eggs, brown sugar, pumpkin puree, peanut butter and cinnamon until fully combined.
3) Gradually add the baking powder, salt and flour and mix until fully combined.
4) Fill each donut cavity about 2/3 of the way full.
5) Bake for about 15 minutes, or until golden brown.
6) Remove pan from the oven and let them cool in the pan for about 2 minutes.
7) While donuts are still warm, roll them in a mixture of white sugar and cinnamon.
8) Let donuts sit on a sheet of parchment paper for another minute or so and enjoy!
9) Recipe adapted from King Arthur Flour.
"," Based on reviewing the ingredients and nutrition information, I would say that Recipe 1 seems more nutritious and healthy overall compared to Recipe 2.

Some key reasons:

- Recipe 1 uses whole fresh fruits (oranges) as the main ingredient, while Recipe 2 uses processed/packaged foods as main ingredients (applesauce, brown sugar, etc).

- Recipe 1 has higher fiber content (3.5g per serving) compared to Recipe 2 which does not list fiber",1
640470,817519,"12 Black tiger shrimp
200 grams Ground chicken
110 grams Hanpen
10 leaves Shiso leaves
10 Spring roll wrappers
1 dash of each Sake, salt
2 tsp soy sauce
1 tsp Sesame oil
1 as necessary Flour dissolved in water
","13 cup extra-virgin olive oil
1 cup sliced onion
4 medium green tomatoes
23 cup milk
23 cup flour
Salt and freshly ground black pepper
","1) Peel the prawns, devein, wash in salt water, and sprinkle with sake.
2) Put the hanpen into a plastic bag and rub thoroughly.
3) Punch with your fists and palms to crush the cakes.
4) Mince the prawns from step 1 using a knife.
5) In a bowl, mix the shrimp, ground chicken, hanpen, salt, soy sauce and sesame oil.
6) Cut the shiso leaves in half.
7) Cut the spring roll skins diagonally to make two triangles.
8) Place the shiso leave onto the triangular skin, leaving space at the bottom and place the filling on top.
9) Tuck both corners in.
10) Wrap loosely and seal using flour water (don't roll it tightly as the filling will expand when frying).
11) Deep fry slowly until done!
","1) Heat one tablespoon of the oil in a large skillet.
2) Add the onions and saute over medium heat until they are golden brown and beginning to crisp.
3) Remove the onions from the skillet and drain on absorbent paper.
4) Slice tomatoes horizontally one-half-inch thick.
5) Dip slices in milk, then coat with flour.
6) Heat remaining oil in the skillet, add the tomato slices and saute until golden brown on one side.
7) Turn and saute until golden on the other side, drain briefly, season to taste with salt and pepper then serve sprinkled with fried onions.
"," Based on the ingredients and preparation, Recipe 1 seems more nutritious and healthy overall compared to Recipe 2. 

Recipe 1 uses lean protein from shrimp and chicken, some fish cake which provides protein, fiber from the shiso leaves, and smaller amounts of added oils and seasonings. The frying method uses less oil overall compared to deep frying the tomatoes in Recipe 2.

Recipe 2 uses a large amount of added oil (1 cup) to fry the tomato slices, along",1
568842,825117,"1 lb elbow macaroni
1.5 (28 ounce) cans diced tomatoes
1 lb ground beef
salt and pepper
","2 tablespoons butter
1 cup finely chopped onion
4 cloves garlic, minced
4 cups chicken broth
1 (2 pound) butternut squash - peeled, seeded, and cut into 1-inch pieces
2 teaspoons curry powder
1 teaspoon salt
1/2 teaspoon ground cumin
1/4 teaspoon cayenne pepper
1/2 cup half-and-half
2 tablespoons honey
1/4 cup sour cream, or to taste (optional)
","1) Cook noodles al dente.
2) Meanwhile brown meat and drain fat.
3) Combine noodles, beef, tomatoes and spices and serve.
4) You can also add a can of kidney beans if you'd like.
","1) Melt butter in a large pot over medium heat.
2) Cook and stir onion and garlic in hot butter until softened and browned, 10 to 15 minutes.
3) Stir chicken broth, squash, curry powder, salt, cumin, and cayenne pepper into onion mixture.
4) Bring mixture to a boil, reduce heat to low, and simmer until squash is tender, about 15 minutes.
5) Remove from heat.
6) Stir half-and-half and honey into squash mixture.
7) Pour squash mixture into a blender no more than half full.
8) Cover and hold lid down; pulse a few times before leaving on to blend.
9) Puree in batches until smooth.
10) Ladle soup into serving bowls and top with a dollop of sour cream.
"," Based on the ingredients and recipes provided, I would say that Recipe 2 is more nutritious and healthy overall. Here is my analysis:

- Recipe 2 uses more vegetables (onion, garlic, butternut squash) while Recipe 1 only contains pasta, ground beef, and canned tomatoes. More vegetables means more vitamins, minerals, and fiber.

- Recipe 2 uses chicken broth while Recipe 1 likely uses beef broth. Chicken broth is generally lower in fat and calories compared to beef",2
831132,338076,"1 12 lbs round steaks, raw, 3/4 to 1 inch thick
2 cups onions, coarsely chopped
1 12 cups water
12 cup mayonnaise
14 cup lime juice (juice of 1 lime)
2 tablespoons fresh cilantro, finely chopped
14 teaspoon ground red pepper
1 lime, cut into 8 wedges (for garnish)
","12 cup butter
12 cup margarine
34 cup brown sugar
34 cup sugar
2 eggs
1 teaspoon vanilla
2 12 cups flour
1 teaspoon baking soda
1 teaspoon salt
1 (12 ounce) package chocolate chips
1 cup pecans, chopped (optional)
","1) Place steaks, onions, and water in a large pot and bring to a boil.
2) Reduce the heat; cover tightly.
3) and simmer for 1-1/4 to 1-3/4 hours, or until the steaks are fork-tender.
4) Meanwhile combine the mayonnaise, lime juice, cilantro, and red pepper in a small bowl.
5) Refrigerate, covered, until ready to use.
6) Remove the steaks; keep warm.
7) Strain solids from the cooking liquid and discard them.
8) Carve the steaks into thin slices and arrange on a serving platter.
9) Pour enough cooking liquid over the steaks to moisten them (about 1/4 cup).
10) Serve with the cilantro-lime mayonnaise and garnish with the lime wedges.
","1) Blend together softened butter and margarine until smooth.
2) Cream with sugars.
3) Add eggs and vanilla and beat well.
4) In a separate bowl, mix the flour, baking soda, and salt.
5) Add to the creamed ingredients and mix well.
6) Fold in chocolate chips and nuts.
7) Note: If you have a ""squeeze trigger"" type of ice cream scoop, use this to scoop cookie dough onto ungreased cookie sheets.
8) This will insure that the cookies are uniform in size, and prevent some from being over-baked, and some from being under-baked.
9) Do not crowd; allow at least 2 inches between each cookie.
10) Bake in a 350 degree oven for 10-12 minutes.
11) Note: It is very important not to over-bake.
12) The cookies should be lightly golden brown, but not shiny on top.
13) This dough will keep nicely in the refrigerator for two weeks enabling you to make just one dozen at a time if you like.
"," Based on the ingredients and preparation, Recipe 2 seems more nutritious and healthy overall compared to Recipe 1.

Here's my analysis:

- Recipe 1 contains a large amount of red meat, which can be high in saturated fat and cholesterol if consumed in excess. Recipe 2 uses plant-based fats like butter and margarine.

- Recipe 1 uses a significant amount of mayonnaise, which is high in fat and calories. Recipe 2 relies more on natural sugars.",2
305200,414846,"8 slices bread, cubed
2 cups grated American cheese
2 lbs bulk sausage, browned and drained
4 eggs, beaten
2 12 cups milk
34 teaspoon dry mustard
1 (10 1/2 ounce) can condensed cream of mushroom soup
12 cup milk
","1 slice lunch meat
1 slice cheese
4 Ritz crackers
","1) Place bread cubes in greased 9x13-inch pan.
2) Sprinkle with cheese.
3) Add browned sausage.
4) Blend eggs, milk, and mustard and pour over ingredients in pan.
5) Refrigerate overnight (or for 5 hours).
6) IN THE MORNING blend soup and 1/2 cup milk and pour (or spread) over top of casserole.
7) Bake 1 1/2 hours at 300F.
","1) Cut 4 (1-1/2-inch) circles out of your choice of lunch meat (use small glass if you don't have a cutter that is that small and cut around it), then cut 4 (1-1/4-inch) stars out of your choice of cheese.
2) Top each cracker with 1 lunch meat circle and 1 cheese star or place in container and ship off in lunch box.
"," Based on the ingredients, Recipe 1 contains more processed meat (sausage), cheese, eggs and cream/milk compared to Recipe 2 which contains only small amounts of lunch meat and cheese. 

Recipe 1 also includes condensed cream of mushroom soup, which often contains preservatives and added sodium. 

Overall, Recipe 2 is more nutritious as it contains less processed and high fat ingredients. It has a better balance of protein, carbs and fat.

Therefore, the healthier recipe",1
632645,663914,"4 (6 ounce) yellowtail fillets (silver perch and yellowtail snapper are ok substitutes)
4 tablespoons ancho chile powder
4 tablespoons kosher salt
2 tablespoons black pepper
Olive oil
Mango Salsa, recipe follows
2 mangoes, small dice
1 medium red onion, small dice
1 cucumber, peeled, seeded, small dice
2 jalapeno peppers, minced
1/4 cup cilantro leaves, chopped
1/2 tablespoons ancho chile powder
2 large limes, juiced
2 tablespoons olive oil
Salt
Pepper
","24 ounces whole wheat fusilli
12 chopped red bell pepper
1 cup chopped broccoli
1 cup chopped carrot
13 cup chopped onion
2 14 ounces black olives (Whole or halved)
23 cup fat-free Italian salad dressing
","1) Preheat outdoor grill to medium heat and oil the grates using a brush or paper towel.
2) In a small bowl, mix the chile powder, salt, and pepper together.
3) Coat the yellowtail fillets with a light layer of olive oil and sprinkle with the chile mixture.
4) Place each fillet flesh side down on a hot grill and cook for about 3 minutes.
5) Flip fillets over and cook for an additional 3 minutes.
6) Remove from grill and top with Mango Salsa.
7) To make mango salsa, combine all ingredients together in a medium bowl and stir well.
8) Keep refrigerated until ready to use.
","1) Boil pasta until al dente (about 10 minutes.
2) ).
3) Add tablesppon of salt and tablespoon of olive oil.
4) Drain pasta after fully cooked.
5) Let pasta cool.
6) Add bell pepper, broccoli, carrots, onions, and olives.
7) Add dressing, toss, and serve!
8) Dressing might need to be added later.
"," Based on the ingredients and preparation, Recipe 1 seems to be more nutritious and healthy overall. Here's a quick analysis:

Recipe 1:
- Uses fresh fish which is an excellent source of protein and healthy fats like omega-3s. 
- The mango salsa provides fiber, vitamins, and antioxidants from the fresh fruits and vegetables.
- Olive oil used for cooking is a healthy fat.
- Spices provide flavor without adding calories or sodium.",1
590601,315735,"1/4 cup whole cumin seeds
1 1/2-inch piece cinnamon stick
2 Tbs. whole coriander seeds
1 Tbs. green cardamom pods
1/2 tsp. black peppercorns
1/2 tsp. red pepper flakes
1/2 tsp. whole cloves
","8 hot dogs
1 (15 ounce) can chili
4 slices whole wheat bread
4 slices American cheese
chili powder
","1) Heat skillet over medium-low heat.
2) Add all ingredients, and cook 12 minutes, or until light brown, shaking pan frequently.
3) Cool.
4) Crush cardamom pods to release seeds inside.
5) Discard pods, and grind cardamom seeds and cooled, roasted spices to fine powder with mortar and pestle or in spice grinder.
","1) Arrange slices of bread on foil lined cookie sheet.
2) Cut the hot dogs length wise so they lay flat.
3) Put four hot dog halves (2 hot dogs total) on each slice of bread.
4) Spoon chilli on top of hot dogs.
5) Put a piece of sliced cheese on top of chilli.
6) Sprinkle cheese with chilli powder.
7) Bake in oven for 15-20 minute at 350.
"," Recipe 1 is more nutritious and healthy overall. The ingredients are whole spices which provide antioxidants and other beneficial nutrients. Recipe 2 contains processed hot dogs, canned chili, and cheese, which are high in sodium, preservatives, and saturated fat. The whole wheat bread is a healthy aspect, but overall recipe 1 has more nutritious ingredients.",1
269885,531969,"12 cup butter, divided
2 cups onions, diced
1 cup celery, diced
1 cup green bell pepper, diced
4 garlic cloves, minced
2 tablespoons flour
2 (10 ounce) cans Rotel Tomatoes
1 (8 ounce) can tomato paste
12 cup red wine
1 teaspoon salt
1 teaspoon ground black pepper
1 tablespoon Worcestershire sauce
1 tablespoon sugar
12 teaspoon basil
1 teaspoon thyme
2 bay leaves
1 bunch parsley, cleaned & finely chopped
2 lbs medium shrimp, peeled & deveined
","Vegetable oil
1/2 cup water
2 cups sugar
1/4 teaspoon cream of tartar
1 cup light corn syrup
2 teaspoons cinnamon
2 tablespoons unsalted butter
2 cups roasted, salted cashew nuts (if using unsalted cashew nuts, add 1/8 teaspoon salt with the sugar)
1 teaspoon baking soda
","1) In a large skillet, melt 1/4 cup of the butter (reserving the other 1/4 cup for later)over medium heat.
2) Saute the onion, celery, bell pepper and garlic until tender.
3) Add the other 1/4 cup butter to the skillet and stir in until melted.
4) Sprinkle the flour into the skillet and stir until combined.
5) Add the canned tomatoes, tomato paste and red wine, blending well.
6) At this point, add all the remaining ingredients except for the shrimp.
7) Let come to a boil, then reduce heat to low, cover and let simmer for 30 minutes, stirring occasionally to prevent sticking.
8) Add shrimp to simmering creole and stir to combine.
9) Cook approximately 10 more minutes, until shrimp turns pink and is done.
10) Remove bay leaves before serving.
11) Serve over hot cooked rice.
","1) Using vegetable oil, generously oil a sheet pan (preferably one with sides), at least 11 by 17 inches.
2) In a medium-size heavy saucepan, combine the water, sugar, cream of tartar and corn syrup and bring to a boil over medium heat.
3) Using a candy thermometer to test it, boil the mixture until it reaches 350 degrees, or is amber-colored.
4) Remove from the heat and, working quickly, whisk in the cinnamon.
5) Whisk in the butter, cashews, and baking soda.
6) Pour the mixture onto the oiled pan and spread it out a bit with a wooden spoon, to about 1/4 to 1/2-inch thickness.
7) Don't spread it too thinly.
8) Let harden, uncovered, in a cool place, 30 to 45 minutes.
9) (To wash the saucepan, soak it overnight.)
10) Using your hands, break the brittle into pieces.
11) Store in an airtight container.
"," Based on the ingredients and recipes provided, Recipe 1 seems more nutritious and healthy overall compared to Recipe 2.

Recipe 1 contains vegetables, garlic, herbs, spices, tomatoes, protein from shrimp, and is made by saut√©ing and simmering. This method helps retain nutrients. The ingredients provide fiber, vitamins, minerals and lean protein.

Recipe 2 contains mostly sugar, corn syrup, butter, and cashews. While cashews provide some protein and nutrients, the high amount",1
407896,753805,"2 each orange roughy fillets
1 each egg whites
3 tablespoons bread crumbs seasoned dried
2 teaspoons olive oil or vegetable oil
13 cup water
1/4 cup wine dry
1 tablespoon parsley leaves
1 tablespoon lemon juice
1/2 teaspoon chicken broth mix
1 clove garlic minced
","2 pkg. Slice N Bake chocolate chip cookies
2 (8 ounce.) pkg. cream cheese, softened
1 c. sugar
2 Large eggs
1 teaspoon vanilla
1/2 c. coconut, opt.
","1) Dip 1 fish fillet in the egg white, and then into bread crumbs.
2) Coat both sides evenly; repeat for the remaining fillet.
3) Be sure all sides are covered evenly!
4) 2.
5) In a 9 inch non stick skillet, heat oil; add fillets and cook over medium high heat turning once, until fish is cooked thoroughly and flakes easily when tested with a fork, usually 3 to 5 minutes on each side.
6) Transfer fish to a platter and keep warm.
7) To the same skillet add garlic and cook over medium heat until hot.
8) Stir in water, wine, parsley, lemon juice, and broth mix.
9) Cook over high heat until mixture comes to a boil; continue to cook until mixture is reduced to about 1/4 cup, about 4 to 5 minutes.
10) Pour over fish and serve.
","1) Preheat oven to 350 degrees.
2) Lightly grease 13 x 9 inch cake pan.
3) Slice first package of chocolate chip cookies into 1/4 inch slices and cover bottom of cake pan.
4) Pat carefully to fill in open spaces.
5) Cream together cream cheese, sugar, Large eggs and vanilla till smooth.
6) Stir in coconut.
7) Spread proportionately over bottom cookie layer in pan.
8) Slice second package of chocolate chip cookies into 1/4 inch slices and cover cream cheese layer.
9) With end of knife, gently spread edges of top cookie layer to fill in open spaces.
10) Bake at 350 degrees for 40 to 45 min.
11) Cold thoroughly before cutting into bars.
"," Based on the ingredients and preparation, Recipe 2 seems to be less nutritious and healthy compared to Recipe 1. 

Recipe 1 uses lean protein from fish, whole grains from breadcrumbs, olive oil, vegetables, and spices. The cooking method is baking which requires little added fat.

Recipe 2 contains highly processed cookies, full fat cream cheese, coconut, and a good amount of added sugar. The bars are baked, however the high amounts of refined carbs, saturated fat, and",2
444287,528373,"Mayo:
1/4 cup reduced-fat mayonnaise
2 tablespoons chopped fresh cilantro
1 teaspoon fresh lime juice
1 garlic clove, minced
Chicken:
1/4 cup egg substitute
3 tablespoons hot sauce (such as Tabasco)
1 teaspoon dried oregano
1/4 teaspoon salt
2 (6-ounce) skinless, boneless chicken breast halves
4 1/2 ounces baked tortilla chips (about 6 cups)
2 tablespoons olive oil
Remaining ingredients:
4 (2-ounce) Kaiser rolls, split
12 (1/8-inch-thick) red onion slices
4 lettuce leaves
","2 cups all-purpose flour
1 tablespoon green tea powder (matcha)
1/2 teaspoon baking soda
1/2 teaspoon salt
1 cup packed brown sugar
3/4 cup unsalted butter, melted
1/2 cup white sugar
1 tablespoon vanilla extract
1 egg
1 egg yolk
1 1/2 cups white chocolate chips
","1) 1.
2) To prepare mayo, combine the first 4 ingredients.2.
3) To prepare chicken, combine egg substitute, hot sauce, oregano, and salt in a large zip-top plastic bag.
4) Cut chicken breast halves in half horizontally to form 4 cutlets.
5) Add chicken to bag; seal.
6) Marinate in refrigerator 2 hours or up to 8 hours, turning bag occasionally.3.
7) Place tortilla chips in a food processor; process 1 minute or until ground.
8) Place ground chips in a shallow dish.4.
9) Working with one cutlet at a time, remove chicken from marinade, allowing excess to drip off.
10) Coat chicken completely in chips.
11) Set aside.
12) Repeat procedure with remaining chicken and chips.5.
13) Heat a large nonstick skillet over medium heat.
14) Add olive oil to pan, swirling to coat.
15) Add chicken to pan; cook 3 minutes on each side or until browned and done.
16) Spread mayo evenly over cut sides of rolls.
17) Layer bottom half of each roll with 3 onion slices, 1 lettuce leaf, and 1 chicken cutlet; top with top halves of rolls.
","1) Preheat oven to 325 degrees F (165 degrees C).
2) Grease baking sheets or line with parchment paper.
3) Sift flour, matcha, baking soda, and salt together in a bowl.
4) Beat brown sugar, butter, and white sugar together in a large bowl using an electric mixer until blended; beat in vanilla extract, egg, and egg yolk until light and creamy.
5) Mix flour mixture into creamed butter mixture until dough is just blended; fold in chocolate chips using a wooden spoon.
6) Drop cookie dough, 1 heaping tablespoon per cookie, onto the prepared baking sheet 2 to 3 inches apart.
7) Bake in the preheated oven until edges are lightly browned, 8 to 10 minutes.
8) Cool cookies on the baking sheet for 2 to 3 minutes before transferring to a wire rack to cool completely.
"," Based on the ingredients and preparation, Recipe 1 seems more nutritious and healthy overall compared to Recipe 2. 

Recipe 1 uses lean protein (skinless, boneless chicken breast) baked with whole grains (baked tortilla chips), along with vegetables (onions, lettuce) and some healthier fats (olive oil, reduced-fat mayo). It also includes spices and fresh ingredients like cilantro and lime. 

Recipe 2 is a cookie recipe that uses refined flour,",1
901350,833256,"2 tablespoons olive oil
2 carrots, diced
4 stalks celery, chopped
1 large leek, chopped
2 onions, sliced
4 bay leaves
600 ml red wine
14 cup fresh thyme
2 tablespoons dried marjoram
1700 ml good quality vegetable stock
2 teaspoons soy sauce
2 teaspoons yeast extract
340 g chestnuts
","34 cup lukewarm water
1 egg, lightly beaten
14 teaspoon white vinegar
2 tablespoons butter, melted
2 12 cups bread flour (all purpose won't work)
34 teaspoon salt
melted butter
8 -9 apples, peeled and grated i.e. Northern Spy or 8 -9 other large green cooking apples
34 cup sugar
2 teaspoons cinnamon
34 cup golden raisin
1 tablespoon lemon zest
34 cup currants
1 cup toasted breadcrumb
5 -6 tablespoons butter, melted
","1) Heat the oil and fry the carrot, celery, leek and half the onion over a low heat until soft.
2) Add bay leaves, wine, herbs and stock.
3) Bring to the boil and boil for 10 minutes.
4) Strain gravy into a jug and discard the veg.
5) Add soy and yeast extract (season with a good twist of black pepper if desired) and return to the pan.
6) Add the chestnuts and remaining onion to the gravy and simmer for 10 minutes.
","1) In a small mixing bowl, combine water, egg, vinegar and butter (all at room temperature).
2) Add the mixture to the flour and salt in a large mixing bowl, and stir for 5 minutes, or until the mixture becomes a firm dough.
3) Form the dough into a ball and transfer it to a floured surface to knead it.
4) Pull the dough into an oblong shape, pressing several times with the heels of the hands, then turning it slightly and repeating the process until smooth and elastic (approx.
5) 10 minutes).
6) Form the dough into a ball again, place it on a floured surface.
7) Cover it with a warm (but not hot) metal or earthenware bowl and let it rest for 30 minutes.
8) (At this point the dough can be refridgerated for about 4-5 days or frozen for a month.
9) ).
10) In a large bowl, combine apples (remember to squeeze them slightly of some of their juice, and drink it - of course!
11) ), cinnamon, sugar, raisins, zest and currants.
12) Meanwhile, cover a large table (about 6 x 4 ft.) with a clean tablecloth, and sprinkle the cloth with flour.
13) With a pastry brush, coat the top of the dough with melted butter.
14) Roll it out to a thickness of about 1/8"" then begin stretching it over the backs of your hands.
15) Working quickly, continue lifting the dough and stretching it by pulling your hands apart until it is almost paper thin and drapes over the side of the table.
16) With scissors, trim off the thick outer edges of the strudel dough.
17) Brush the stretched dough generously with melted butter and sprinkle it with some toasted breadcrumbs.
18) Place the filling along the edge nearest you, in a 3 inch strip, to within 2 inches of the ends.
19) Then lift the tablecloth on that side and use it to roll the dough in a 3 inch strip, to within 2 inches of the ends.
20) Then lift then tablecloth on that side and use it to roll the dough around the filling, jelly-roll fashion.
21) With a sharp knife, cut the roll into sections that will fit comfortably on baking sheets.
22) Brush the tops of the rolls with butter and close the ends.
23) Lightly grease the baking sheets and place the sections of strudel seam side down with the aid of a.
"," Based on the ingredients and preparation, Recipe 2 seems more nutritious and healthy overall. Here are the main reasons:

- Recipe 2 uses whole wheat flour, which is more nutritious than refined white flour. Whole wheat flour contains more fiber, vitamins, and minerals. 

- Recipe 2 contains apples, raisins, currants, and lemon zest. These ingredients provide vitamins, minerals, fiber, and antioxidants. Recipe 1 does not contain much fruit.",2
168143,992680,"Sushi rice, recipe follows
Nori
Carrot, julienned
Orange and red bell peppers, julienned
Cucumber, julienned (Chinese B without seeds, or regular is also ok)
Asparagus
Avocado
Scallions, julienned
Black sesame seeds
White sesame seeds
Black sesame seeds/salt combination
(c. Television Food Network, G.P.)
3 1/3 cups short grain rice
4 cups water, plus 1/4 cup water
6 tablespoons rice vinegar
5 tablespoons sugar
3 teaspoons salt
","1 pound shrimp (peeled & deveined)
1 pound lobster, don't use mock
1 pound crabmeat, don't use mock
1 can tomato sauce
1 can stewed tomatoes
1 lg. onion
3 cloves garlic
1/2 pound okra
2 lg. green peppers
1 warm pepper
Salt to taste
","1) Place a half sheet of nori horizontally in front of you on your mat.
2) Place rice on left third of nori, leaving border of nori all around.
3) Place filling ingredients vertically across middle of rice.
4) Fold near corner of nori over to begin folding into cone shape.
5) Continue to roll until cone is formed.
6) Serve with pickled ginger, wasabi and soy sauce as condiments.
7) Rinse rice in water until the water runs clear and then drain in a colander for 1 hour.
8) Place the drained rice in a rice cooker or in a pot with a tight-fitting lid and add 4 cups water.
9) Over medium heat, cover and bring the water to a boil.
10) Boil for about 2 minutes, reduce heat and allow to simmer for another 5 minutes.
11) Reduce heat to low and cook for about 15 minutes, or until water has been absorbed.
12) Remove from the heat, remove lid, and place a towel over pot.
13) Replace lid and let stand for 10 to 15 minutes.
14) While the rice cooks, combine vinegar, sugar and remaining 1/4 cup water in a saucepan.
15) Heat over low temperatures, stirring, until sugar and salt dissolve.
16) Let cool.
17) Empty rice into a hangiri (or other nonmetallic) tub and spread it evenly over the bottom with a shamoji (or large wooden spoon).
18) Run the spatula through the rice in slicing motions to separate the grains.
19) While doing this, slowly add vinegar mixture.
20) Add only as much as is necessary; the rice should not be mushy.
21) If you have help, fan the rice with an uchiwa (fan) during the cooling and mixing procedures.
22) Do not refrigerate the rice.
23) Keep it in the tub covered with a clean cloth until ready to use.
24) The rice will last one day.
","1) Saute/fry minced green and warm peppers, onion, cloves of garlic and okra till soft, not brown.
2) Add in tomato sauce, stewed tomatoes and all the seafood.
3) Simmer only for 3 hrs.
4) (It is necessary to stir constantly till a heavy sauce is formed to prevent sticking.)
5) Serve over rice.
6) Serves 6 people.
"," Based on the ingredients and preparation, Recipe 1 (the sushi) seems healthier overall:

- It includes more vegetables like carrots, peppers, cucumber, asparagus. Recipe 2 only has onions, garlic, okra and peppers.

- Recipe 1 uses healthier grains (sushi rice) while Recipe 2 uses regular white rice. 

- Recipe 1 includes healthy fats from avocado and seeds. Recipe 2 doesn't have any healthy fats.

- Recipe",1
947186,474807,"2 tbsp unsalted butter
1 1/3 cup water
2/3 cup milk
1 lb chicken breasts
1/2 cup butter for sauteing
1 cayenne pepper
1 kicken chicken seasonings
","2 tablespoons cooking oil
2 cups instant rice
14 cup frozen peas (optional but nice touch) or 14 cup carrot (optional but nice touch)
12 cup of ready made salsa
1 cup chicken broth
cumin
chili powder
","1) Melt butter in large skillet
2) Saute chicken in large skillet until cooked thoroughly
3) Shred the chicken into bite size pieces.
4) Spinkle cayenne pepper and kicken chicken seasonings on the chicken.
5) This is to taste, that's the reason for no amounts listed.
6) In the skillet, bring the chicken, water, milk and butter to a boil.
7) Then slowly stir in the pasta and special seasonings.
8) Separate pasta with a fork, if needed.
9) Return to a boil
10) Reduce heat to medium
11) Boil uncovered, 4-5 min.
12) Or until pasta is just tender, stirring frequently.
13) Sauce will be thin.
14) Let stand for 3-5 min.
15) To thicken.
16) If it thickens up to much add extra milk/water mixture to thin it out.
","1) First, sautee the rice in the oil.
2) Stir until rice starts to turn brown.
3) Add in vegetables and cook for additional 3-4 minutes.
4) Stir in salsa, chicken broth, cumin to taste and chili powder to taste ( you can always add more later if necessary).
5) Add chicken broth and simmer until fluids cook down.
6) Since this is done with ""ready made"" items from your kitchen, you can be pretty flexible.
7) Use what you have.
8) Example: use a can of tomatoes with green chile's, use powdered chicken bouillon and water, add or reduce the amount of spices.
9) Have fun, it is very delicious!
"," Based on the ingredients and preparation, Recipe 2 seems more nutritious and healthy overall:

Recipe 1:
- Uses a lot of butter for cooking, which is high in saturated fat
- Includes chicken breasts, which are a good source of protein but can also be high in fat if the skin is not removed
- Does not include many vegetables or other sources of nutrients
- Includes milk, which has calcium but can also be high in fat

Recipe 2: 
-",2
734691,476323,"1 lb lean ground beef
1 lb Polish sausage, sliced
12 teaspoon seasoning salt
14 teaspoon oregano
14 teaspoon basil
1 (1 1/2 ounce) envelope dry onion soup mix
6 cups boiling water
1 (16 ounce) can whole tomatoes
1 tablespoon soy sauce
1 cup celery, sliced
1 cup elbow macaroni, uncooked
grated parmesan cheese
","All-purpose flour, for dusting
Pate Sucree (page 333)
Vanilla Pastry Cream (page 338)
4 cups mixed fresh berries, such as blackberries, blueberries, raspberries, red currants, or sliced strawberries
1/2 cup apricot jam (optional)
","1) Brown ground beef and sausage in a frying pan, then drain well.
2) Add all ingredients, except the macaroni, to a crock-pot.
3) Cook on low setting for 8-16 hours.
4) One hour before serving, turn setting to high and add macaroni.
5) Serve with Parmesan cheese.
","1) Preheat oven to 375F.
2) On a lightly floured surface, roll out dough 1/8 inch thick, 1 disk at a time.
3) Cut out twenty-four 4-inch rounds, and fit dough into two dozen 3-inch tart pans.
4) Trim dough flush with rims.
5) Pierce bottoms of shells all over with a fork.
6) Refrigerate or freeze until firm, about 30 minutes.
7) Line tart shells with parchment, and fill with pie weights or dried beans.
8) Bake until edges are golden, about 15 minutes.
9) Remove parchment and weights; continue baking until crusts are golden brown all over, about 10 minutes.
10) Let cool completely on a wire rack.
11) Fill tart shells halfway with pastry cream and top with berries, arranging in concentric circles.
12) If desired, in a small saucepan over low heat, heat apricot jam until loose, then pass through a fine sieve.
13) Gently brush berries with strained jam.
14) Serve immediately or refrigerate up to 2 hours.
"," Based on the ingredients and preparation, Recipe 2 seems more nutritious and healthy overall. Here's my analysis:

Recipe 1 contains a lot of processed meat (ground beef, polish sausage) which can be high in saturated fat and sodium. It also calls for a packet of dried onion soup mix, which is likely high in sodium. The recipe has minimal vegetables and uses a lot of boiling water, which can cause some nutrient loss.

Recipe 2 uses fresh fruit as the main component",2
874908,401787,"1 12-2 lbs boneless skinless chicken breasts
1 12 cups pesto sauce (see other recipe for prep)
1 (15 ounce) can diced tomatoes
1 (10 3/4 ounce) can cream of mushroom soup
1 (10 3/4 ounce) can cream of chicken soup, with herbs
2 cups dry pasta (small, thick shapes)
3 tablespoons butter
1 12 cups water
","1 cup plain yogurt, whisked until smooth
3 tablespoons Ginger-Garlic Paste, recipe follows (or 1 tablespoon grated fresh ginger and 3 cloves garlic put through a garlic press or finely minced)
1 teaspoon kosher salt
1/2 teaspoon freshly ground black pepper
1 pound boneless, skinless chicken thighs, poked with a fork, and cut into large bite-sized chunks
2 teaspoons olive oil
3 tablespoons butter
1/3 cup Ginger-Garlic Paste, recipe follows (or 6 cloves garlic and 2-inch thumb ginger minced)
2 serrano peppers, minced (seeds removed if you don't want it spicy)
2 tablespoons tomato paste
1 teaspoon garam masala
2 teaspoons paprika
8 Roma tomatoes, diced
1 1/2 teaspoons kosher salt
1 to 2 cups water
Oil, for grilling
1 tablespoon dried fenugreek leaves (optional)
1/2 cup heavy cream
Minced fresh cilantro, for garnish
Cooked rice, naan, or crusty piece of bread, for serving
1/2 cup cloves garlic, whole
1/2 cup fresh ginger, peeled, cut into 1/2-inch slices
1/4 cup canola oil
","1) Using the back of a spoon, ""paint"" entire surface area of each chicken breast with pesto sauce.
2) Melt butter in large pot over Medium heat.
3) Carefully place chicken in melted butter, making sure to guard for spatter.
4) After brown on both sides, add cream soups, tomatoes, and pasta.
5) Stir and allow to sit for 5 minutes.
6) Add water and stir well.
7) Cover & simmer for 10 minutes, stirring occasionally.
8) Remove chicken from pot and cut into bite-size pieces.
9) (Stir mixture still in pot frequently until you've returned chicken.
10) ).
11) Return chicken to pot.
12) Stir, cover & simmer until pasta is tender.
13) ENJOY!
","1) For the marinade: In a large bowl, mix together the marinade ingredients.
2) Add the chicken and toss to coat.
3) Marinate at least 30 minutes, or in the refrigerator up to overnight.
4) For the sauce: When you're ready to make the curry, place a large skillet over medium heat and add the olive oil and butter.
5) When the butter has melted, add the Ginger-Garlic Paste and serrano peppers.
6) Saute until lightly browned around the edges.
7) Add the tomato paste and cook until the tomato has darkened in color, about 3 minutes.
8) Add the garam masala and the paprika and saute for about 1 minute to draw out their flavors.
9) Add the tomatoes, salt, and 1 cup water.
10) Bring to a boil, turn down to a simmer, and cook until thickened, about 20 minutes.
11) You may need more water depending on how much liquid the tomatoes give off.
12) Meanwhile, fire up your grill.
13) When it is nice and hot, lightly brush it with oil.
14) Place the chicken on the grill, shaking off some of the excess marinade.
15) Cook until it's charred, about 2 minutes on each side.
16) (Don't worry that the chicken will still be a little uncooked, it finishes cooking in the sauce).
17) Pour the sauce into a blender or food processor, or use an immersion blender, and process until smooth.
18) Pour back into the skillet and bring back up to a boil.
19) Add the chicken and fenugreek leaves, if using.
20) Take the heat down to a simmer and cook for about 10 minutes.
21) Add the cream and stir through.
22) Garnish with minced fresh cilantro, and serve over rice, with naan, or a crusty piece of bread!
23) Throw the garlic, ginger, and canola oil in a mini-food processor and let it go until it forms a semi-smooth paste.
24) There will still be tiny little pieces in there, but overall, it should resemble a paste.
25) Save what you don't use in a small glass jar.
26) It should last in the fridge for 2 to 3 weeks.
27) It's a delicious addition to marinades, pasta sauces, stir fry sauces, slow-cooker recipes, gravy etc.
28) We always had a jar of this stuff in our fridge growing up.
"," Based on the ingredients and preparation, Recipe 2 seems more nutritious and healthy overall:

- Recipe 2 uses more whole foods like yogurt, garlic, ginger, tomatoes, cilantro. These provide more nutrients and fiber. Recipe 1 relies more on processed/canned ingredients.

- Recipe 2 uses healthier fats like olive oil and butter. Recipe 1 uses more cream/cream soups which are higher in saturated fat and calories. 

- Recipe 2 includes more vegetables. Recipe",2
463943,430366,"2 cups all-purpose flour
1 teaspoon baking soda
1 teaspoon baking powder
1 teaspoon salt
12 teaspoon cinnamon (optional)
1 cup butter, softened
1 cup white sugar
1 cup brown sugar
2 large eggs
1 tablespoon vanilla
2 tablespoons butterscotch pudding mix (do not use instant pudding)
2 34 cups oats (do not use instant oats)
1 cup semi-sweet chocolate chips (optional)
","1 pkg. (6.6 oz.) KRAFT Garlic Parmesan Pasta Salad
1/2 cup KRAFT Classic Ranch Dressing
1 boneless beef sirloin steak (1 lb.), cooked, cut into thin strips
1 large green pepper, chopped
1 large tomato, chopped
1 small red onion, sliced
","1) Set oven to 350 degrees F.
2) Generously grease a cookie/baking sheet.
3) In a large bowl, using an electric mixer, beat butter and both sugars for 2 minutes.
4) Beat in eggs and vanilla until light and creamy them beat in pudding mix until combined.
5) In another bowl combine the flour, baking soda, baking powder, salt and cinnamon.
6) Add the flour mixture to the creamed mixture and mix until combined.
7) Mix in the oats until combined, then mix in the chocolate chips.
8) Drop by heaping teaspoonfuls on to prepared cookie sheet leaving 2-inches apart.
9) Bake for 8-10 minutes, or until golden around the edges.
10) Let baking sheets cool between baking cookies.
","1) Prepare Pasta Salad according to pkg.
2) directions, substituting dressing for the mayonnaise.
3) Add remaining ingredients; mix lightly.
4) Serve immediately.
5) Or, cover and refrigerate until ready to serve.
6) Top with Parmesan just before serving.
"," Based on the ingredients, Recipe 1 seems less nutritious overall compared to Recipe 2. 

Recipe 1 contains a lot of processed ingredients like all-purpose flour, white sugar, brown sugar, chocolate chips, and uses butter instead of a healthier oil. It is very high in added sugars.

Recipe 2 contains more vegetables (pepper, tomato, onion) and uses a pasta salad and ranch dressing which likely have less added sugar. The beef provides protein. While not the healthiest salad",1
241029,167924,"1 tbsp butter
1 brown/cooking onion, finely chopped
3 garlic cloves, crushed
1 tbsp ginger, grated
1/2 tsp or more chilli flakes
1/2 tsp tumeric
2 carrots, diced
1/2 tsp ground coriander
1/2 tsp ground cumin
2 cup canned tomatoes
1 cup red lentils
3 cup vegetable stock
","8 red waxy new potatoes, about 1 pound
Salt to taste if desired
1 tablespoon butter
1 tablespoon finely chopped parsley
","1) In a large pot melt the butter.
2) Add onion, garlic, ginger and spices and cook stirring until onion is soft
3) Add carrots, tomatoes, lentils and stock and gently bring to the boil
4) Cover and simmer for approximately 40 minutes, stirring occasionally to ensure lentils don't burn
5) Season to perfection, ladle into bowls and top each bowl with a dollop of yoghurt and fresh mint
","1) Cut the potatoes in half lengthwise.
2) Strip away part of the peel lengthwise, leaving two red strips down the side of each potato half.
3) As the potatoes are prepared, drop them into cold water.
4) Drain the potatoes and put them in a saucepan.
5) Add cold water to cover and salt.
6) Bring to a boil and cook about 8 minutes or until tender.
7) Drain.
8) Add the butter to the potatoes and toss.
9) Sprinkle with parsley and serve.
"," Based on the ingredients and recipes provided, Recipe 1 seems more nutritious and healthy overall compared to Recipe 2. 

Recipe 1 contains more vegetables, lentils as a source of protein and fiber, and spices that provide antioxidants. It is a full meal with complex carbohydrates, protein, fiber, and vitamins/minerals from the vegetables. 

Recipe 2 in comparison is quite simple, containing only potatoes, butter, and parsley. While potatoes provide some nutrients, this dish is",1
